Code Name,Actual Name,Description
-DO NOT EDIT THIS FIELD-,This is the Actual Name of a Object,Description of the object
item.Stone Wafer.*.1,Stone Wafer,A stone wafer is a support substrate for building logic circuits.
item.Stone Wire.*.1,Stone Wire,"A stone wire is redstone baked into a stone wafer, providing a conductive path between points in the same circuit."
item.Stone Cathode.*.1,Stone Cathode,"A stone cathode acts as an inverter, beaming red rays to nearby anodes on the same substrate."
item.Stone Anode.*.1,Stone Anode,"A stone anode acts as a receiver for red rays from nearby cathodes, becoming energized when powered by a cathode.
"
item.Stone Pointer.*.1,Pointer,"A small motor allows a pointer to spin, providing the core for many more complex timing functions."
item.screwdriver.*.1,Screwdriver,"Make yourself a screwdriver to rotate your logic tiles easily! Also, in a pinch, it does as much damage as a stone sword, although it's terrible for the life of the tool, so stab that zombie in the eye!"
item.Timer.*.1,Redstone Timer,"Sends out a pulse at a user-specified time interval. Powering it stops the clock. Two sides are both input and output, one side is output only, and one side is input only.
"
item.Sequencer.*.1,Redstone Sequencer,"Alternates between each of four sides in sequence at a user-specified speed. Since it is synchronized to world time, it also makes a handy clock - simply set it to 300 seconds.
"
item.Pulse Former.*.1,Pulse Former,"Emits a short pulse when the input turns on. The pulse is sent instantaneously, which also makes it useful as a fast repeater, and because the pulse is so short, placing two back to back allows pulses to be sent in both directions.
"
item.RS Latch.*.1,RS Latch,"RS NOR latch. Turning on an input changes state. Turning on both inputs burns it out.
"
item.Toggle Latch.*.1,Toggle Latch,"Changes state when the input turns on. Can also be clicked to change state manually.
"
item.NOR Gate.*.1,NOR Gate,"The output is on when all inputs are off. Can be clicked to disable some inputs.
"
item.NAND Gate.*.1,NAND Gate,"The output is off when all inputs are on. Can be clicked to disable some inputs.
"
item.AND Gate.*.1,AND Gate,"The output is on when all inputs are on. Can be clicked to disable some inputs.
"
item.OR Gate.*.1,OR Gate,"The output is on when all inputs are on. Can be clicked to disable some inputs.
"
item.XOR Gate.*.1,XOR Gate,The output is on when only one of the inputs is on.
item.XNOR Gate.*.1,XNOR Gate,"The output is on when the two inputs match.
"
item.NOT Gate.*.1,NOT Gate,"All three outputs are on when the input is off.
"
item.Buffer Gate.*.1,Buffer Gate,All three outputs are on when the input is on.
item.Multiplexer.*.1,Multiplexer,"The center input selects which side input controls the output.
"
item.Counter.*.1,Counter,"Counts up by Increment for each pulse on one input, and down by Decrement for each pulse on the other. Clicking opens a GUI to allow the maximum count, increment, and decrement to be set. Each output is on when the pointer reaches the end of range in that direction."
item.Repeater.*.1,Repeater,"An upgraded form of repeater that takes full advantage of RedPower. In addition, it supports 9 different time constants: 1, 2, 3, 4, 8, 16, 32, 64, or 128 torches."
tile.rpwire.256.1,Red Alloy Wire,"These bare wires are similar to redstone (just better. They will connect to all blocks that accept or emit a redstone signal, connect to themselves and will transmit the signal to the block they are sitting upon. They will also connect to any color of insulated wire. These wires can be run on the wall and ceiling as well as the floor and will transmit a signal for 255 blocks. These will not connect to Bundled Cables."
tile.rpwire.768.1,Bundled Cable,Bundled Cables allow for the tightest wiring in this mod. A Redstone signal supplied to the cable from Insulated Wires will only transfer to other wires of the same colour attached to the cable. Every Bundled Cable supports transmission of all 16 colors of Insulated Wire in just one block. Bundled Cables can only be connected to other bundled cables (and their colored and jacketed variations and insulated wires). Every color of wire will give the same basic uncolored Bundled Cable.
tile.rpwire.*.1,Insulated Wire,"Like their uninsulated counterparts, Insulated Wires can be placed almost anywhere and transmit a signal over a long distance. But these will only connect to blocks that accept or emit redstone signals, themselves and uninsulated wire. They will not give the signal to the blocks they sit upon. They will especially not connect to Insulated Wires of a different color. This allows multiple wires to run right next to each other without interference. They are also needed to connect to Bundled Cables."
,Colored Bundled Cables,"Colored Bundled Cables allow for the same tight wiring as uncolored ones but will have an extra ribbon around the bundle. Colored Bundled Cables can only be connected to other bundled cables of the same color, uncolored Cable Bundles and insulated wires."
,Jacketed Wire,"Jacketed wires are self-supporting and do not require a surface to sit upon. They can be made from any material that can be cut into covers. It can be connected (""stitched"") to regular wires on a surface by placing a piece of Red Alloy Wire on the surface you want it to connect to."
,Jacketed Cable,"Jacketed cables are the self-supporting version of bundled cables. They do not require a surface to sit upon. They can be made from any material that can be cut into covers and an uncolored bundled cable in the center. It cannot be crafted from colored cables. It will also only connect (""stitched"") to a surface with an uncolored cable."
,Alloy Furnace,"This Furnace is required to create alloys used in RedPower Technology. Most prominent is the Red Alloy Ingot, but other new ingots require this device, too.
It can also be used to reclaim metals from some items that are no longer needed."
tile.rpmachine.*.1.*.1,Block Breaker,"Upon receiving an electrical pulse, this machine will try to break the block in front of it. It cannot break bedrock, but it will break obsidian, for example. It will then try to eject everything harvested in the process from it's buffer through the hole in the back. If the harvested items cannot be ejected, the machine will cease to operate even on subsequent pulses, until the buffer can be cleared."
tile.rpmachine.0.*.1,Deployer,"The Deployer has an inventory of 9 slots. Upon receiving an energy pulse, it will try to deploy a suitable item from it's inventory into the direction it is facing. Deploying is the same as right-clicking an item from your hotbar as a player. So it can be used to place blocks, set fire using flint and steel, put minecarts on tracks and even use buckets to collect fluids."
tile.rpmachine.2.*.1,Transposer,"Items falling into the front of the transposer (or pushed in by a water current or tube will be put into it's buffer. If possible this buffer will be drained through the hole in the back. Supplying an energy pulse to this block will cause it to vacuum in items from an area three blocks wide and two blocks long from it's front into it's buffer. When there's an inventory (like a chest infront of it, it will retrieve one item from that chest.
It can also be connected (inlined to tubes, for which it will be a valid target, as long it can empty it's buffer. If an inline Transposer is powered, it stops items from crossing."
tile.rpmachine.3.*.1,Filter,"Filters operate similar to Transposers, except that they have nine slot into which items can be placed.
When there are no items in the filtering slot, with a Redstone pulse a Filter will suck a whole stack of any item out of an inventory (chest, etc. or the ground. When there is an item in the slot, only this item will be retrieved. You can put more than one item of the same kind in the slot and it will determine the amount retrieved each pulse. This way you can retrieve up to a full stack per pulse.
Putting items in the slot will also make it a valid target only for these kind of items when connected to a tube."
tile.rpwire.2048.1,Pneumatic Tube,"Tubes are used to transport items. They have automatic internal routing, sending items to the closest valid destination. They have a distribution function built in, so when multiple valid destinations of the same length exist, it'll alternate between them. Valid destinations are usually inventories like chests, deployers or furnaces. If an inventory fills up and cannot accept any more items, it will cease to be a valid target. Items will be sent to the next valid destination if one exists. If no valid destinations exist, the tube will no longer accept new items.
Items are are usually supplied to tubes through the rear holes in block breakers, transposers or filters."
tile.rpmachine.4.*.1,Item Detector,"This block can be placed between two pieces of tube. It can detect items passing through and emit redstone pulse signals for them, depending on configuration. The detector has 3 modes. The first mode will emit a pulse for every item. That means if you send a full stack, it will send 64 pulses. The second mode will emit a single pulse for every stack passing through. And the third mode of the item detector is ""stuffed mode"" - it will turn on when it is jammed."
item.screwdriver.*.1,Screwdriver,"Right-clicking a machine block with the screwdriver will rotate the block without the need to replace it. The block cycles through all 6 possible orientations, beginning at the start on further clicks. This will work on RedPower2 logic gates and machines as well as vanilla pistons, repeaters and dispensers."
item.handsawIron.*.1,Handsaw,"Handsaws are required to create small blocks for covering wires and decoration. The iron version will only work on softer materials, the saws made from gems will cut almost any solid block."
item.handsawDiamond.*.1,,"Handsaws are required to create small blocks for covering wires and decoration. The iron version will only work on softer materials, the saws made from gems will cut almost any solid block."
item.handawRuby.*.1,,"Handsaws are required to create small blocks for covering wires and decoration. The iron version will only work on softer materials, the saws made from gems will cut almost any solid block."
item.handsawSapphire.*.1,,"Handsaws are required to create small blocks for covering wires and decoration. The iron version will only work on softer materials, the saws made from gems will cut almost any solid block."
item.handsawEmerald.*.1,,"Handsaws are required to create small blocks for covering wires and decoration. The iron version will only work on softer materials, the saws made from gems will cut almost any solid block."
tile.rpstone.2.1,Marble Brick,Brick blocks are currently used only for decoration.
tile.rpstone.4.1,Basalt Brick,Brick blocks are currently used only for decoration.
,Sickle,"Sickles are for cutting plants. They will harvest crops in an area. Will work on most plants like wheat, flax, tall grass."
item.shovelSapphire.*.1,Sapphire Shovel,"The gems in RedPower can be used to make all kinds of tools, like shovels. They are equivalent to diamond shovels, but have only 500 durability instead of 1560."
item.shovelRuby.*.1,Ruby Shovel,"The gems in RedPower can be used to make all kinds of tools, like shovels. They are equivalent to diamond shovels, but have only 500 durability instead of 1560."
item.shovelEmerald.*.1,Emerald Shovel,"The gems in RedPower can be used to make all kinds of tools, like shovels. They are equivalent to diamond shovels, but have only 500 durability instead of 1560."
item.pickaxeSapphire.*.1,Sapphire Pickaxe,"The gems in RedPower can be used to make all kinds of tools, like the pickaxes. They are as fast as a diamond pickaxes, but less durable. They have only 500 uses instead of 1560. Also they will not work on obsidian."
item.pickaxeRuby.*.1,Ruby Pickaxe,"The gems in RedPower can be used to make all kinds of tools, like the pickaxes. They are as fast as a diamond pickaxes, but less durable. They have only 500 uses instead of 1560. Also they will not work on obsidian."
item.pickaxeEmerald.*.1,Emerald Pickaxe,"The gems in RedPower can be used to make all kinds of tools, like the pickaxes. They are as fast as a diamond pickaxes, but less durable. They have only 500 uses instead of 1560. Also they will not work on obsidian."
item.axeSapphire.*.1,Sapphire Axe,"The gems in RedPower can be used to make all kinds of tools, like axes. They are almost equivalent to diamond version, but have only 500 durability instead of 1560."
item.axeRuby.*.1,Ruby Axe,"The gems in RedPower can be used to make all kinds of tools, like axes. They are almost equivalent to diamond version, but have only 500 durability instead of 1560."
item.axeEmerald.*.1,Emerald Axe,"The gems in RedPower can be used to make all kinds of tools, like axes. They are almost equivalent to diamond version, but have only 500 durability instead of 1560."
item.swordSapphire.*.1,Sapphire Sword,"The gems in RedPower can be used to make swords. They are equivalent to diamond version, but have only 500 uses instead of 1560."
item.swordRuby.*.1,Ruby Sword,"The gems in RedPower can be used to make swords. They are equivalent to diamond version, but have only 500 uses instead of 1560."
item.swordEmerald.*.1,Emerald Sword,"The gems in RedPower can be used to make swords. They are equivalent to diamond version, but have only 500 uses instead of 1560."
item.hoeSapphire.*.1,Sapphire Hoe,"The gems in RedPower can be used to make all kinds of tools, like hoes. They are equivalent to diamond version, but have only 500 durability instead of 1560."
item.hoeRuby.*.1,Ruby Hoe,"The gems in RedPower can be used to make all kinds of tools, like hoes. They are equivalent to diamond version, but have only 500 durability instead of 1560."
item.hoeEmerald.*.1,Emerald Hoe,"The gems in RedPower can be used to make all kinds of tools, like hoes. They are equivalent to diamond version, but have only 500 durability instead of 1560."
,Indigo Dye,"The Indigo Flower can be used to create an alternative blue dye. Thanks to the forge ore dictionary this will allow you to replace lapis in many Forge mod recipes (lumar, recoloring insulated wires, etc)."
,Lumar,Lumar is used to make lamps. It is the combination of redstone dust and the mysterious glowstone dust that makes it glow when supplied with a redstone signal. You can use every color of dye to make the corresponding shaded lumar.
tile.rplampoff.*.1,Lamp,"Lamps are blocks you can place and will glow and supply light when a redstone signal is supplied. All lamps produce white light, only the color of the block itself iffers."
,Stone Redwire,"A stone wire is redstone baked into a stone wafer, providing a conductive path between points in the same circuit."
item.Plate Assembly.*.1,Plate Assembly,"Working on the same principles as a stone anode, a red alloy plate assembly is capable of converting red rays into redstone current. The difference is that a plate assembly is capable of vertical signal transmission."
item.Null Cell.*.1,Null Cell,"The null cell performs no logic function, simply acting as a crossover for two red alloy wires."
item.Invert Cell.*.1,Invert Cell,"The invert cell acts as two crossing wires with an invert function. When the lower wire is unpowered, the upper wire gets powered. When the lower wire is powered, the upper wire is returned to its natural state."
item.Non-Invert Cell.*.1,Non-Invert Cell,"The non-invert cell acts as two crossing wires with a buffer function. When the lower wire is powered, the upper wire gets powered. When the lower wire is unpowered, the upper wire is returned to its natural state."
item.Silicon Wafer.*.1,Silicon Wafer,A wafer is a thin slice of semiconductor material cut from a Silicon Boule using a diamond saw (note: only diamond will work). It then undergoes another processing step called doping to produce Doped Wafers which are used to produce other devices such as solar panels.
item.Blulectric Furnace.*.1,Blulectric Furnace,"Operates quite like the regular furnace in smelting and cooking items, but is twice as fast in operation. It will only work on blutricity, so you'll have to supply power through a power source. Power sources can be placed directly adjacent to it or connected by Blue Alloy Wire to transfer power."
item.Solar Panel.*.1,Solar Panel,"A solar panel is a packaged, connected assembly of solar cells. The solar panel can be used to generate and supply energy for blutricity applications. Because a single solar panel can produce only a limited amount of power, many installations contain several panels."
tile.rpwire.1280.1,Blue Alloy Wire,"In contrast to the red alloy wires, which are used to transmit signals, blue wires are used to transfer energy. The wires can be placed the same way as the red ones, but the power will slowly degrade in these wires."
item.voltmeter.*.1,Voltmeter,Right-clicking a blue alloy wire and certain other blulectric devices will display a chat-like message containing the voltage and current running through the wire.
item.btbattery.*.1,BT Battery,"Used to store blulectric energy, this battery is used as a component in Battery Boxes. For now that is it's only purpose, but other applications will surely arise."
tile.rpmachine.6.1,Battery Box,"An energy net's blulectric surplus will charge the batteries of this block. The energy will be resupplied to other devices when the levels drop. The current charge level of the Box can be checked in the right-click interface but is also shown on the block's texture, so you can estimate your remaining reserve at a quick glance at the block."
tile.rpwire.2304.1,Redstone Tube,"A hybrid between jacketed wire and tube: this tube will act like any other tube in delivering items. You can even apply paint to it. But it also contains some redstone and will transmit redstone signals like a jacketed wire. Thus it will happily connect to other tubes as well as jacketed wire, which is a common way to patch it into other systems. It will not directly connect to red allow wire (use a short jacketed wire if you want it to), but it does connect to vanilla redstone dust.
This tube is especially useful to supply redstone signals to machine blocks connected to them without the need to run additional wires."
item.Buffer.*.1,Buffer,"The buffer is very similar to a chest with 5 compartments. When providing items to the buffer via tubes, pipes or similar devices, each of the 5 input sides will fill a different compartment. The output side has access to all compartments. This is very useful in combination with a sorting machine.
A common application for this block is in situations, where different inputs provide their materials at different rates. A regular chest could easily be filled up by a single item, leaving no space for other resources."
tile.rpmachine.8.1,Retriever,"This device can act as a ""remote filter"". It will retrieve items from the nearest inventory connected to the tube network on the input side the same way as a filter would retrieve it from an inventory directly connected to it. This can enable the same tubes to act as a delivery system as well as a reception mechanism even in tight spaces."
tile.rpmachine.5.1,Sorting Machine,The Sorting Machine enables you to set up item delivery with military precision. Like the filter it can be used inline (meaning between tubes) or connected to an inventory (usually a chest or a buffer). It will tag items with a color if you select a color using the buttons below the columns.
item.paintcan.empty.*.1,Paint Can,Made from the new alloyed Tin Plates those small buckets are just the right size to hold some paint.
,Paint," Combining linseed oil from flax seeds with a dye of your choice will fill your empty can with paint. If you're holding a paint can and a single non-stacked dry brush in your quickbar, it'll wet the brush if you use the paint can (or the first brush if you have multiple non-stacked ones). Alternatively you can use the crafting recipe to wet a brush. When there's no more paint left in the can, you'll get the empty can back."
item.paintbrush.dry.*.1,Paint Brush,Wool-on-a-stick. Dip it in some paint and you're ready to start coloring your tubes.
item.Sapphire Block.*.1,Sapphire Block,"Straight forward storage blocks for RedPower gemstones similar to Diamond blocks. Nine gems will form a block, which can be placed for decorative purposes. The gems can be reclaimed by placing the storage block in the crafting area."
item.Ruby Block.*.1,Ruby Block,"Straight forward storage blocks for RedPower gemstones similar to Diamond blocks. Nine gems will form a block, which can be placed for decorative purposes. The gems can be reclaimed by placing the storage block in the crafting area."
item.Emerald Block.*.1,Emerald Block,"Straight forward storage blocks for RedPower gemstones similar to Diamond blocks. Nine gems will form a block, which can be placed for decorative purposes. The gems can be reclaimed by placing the storage block in the crafting area."
item.Sapphire.*.1,Sapphire,"As straight forward as creating the storage block is retrieving the gems back. Put the block in a crafting area and you'll get back all 9 gems. They are also used for making tools, and will have a use later in the future."
item.Ruby.*.1,Ruby,"As straight forward as creating the storage block is retrieving the gems back. Put the block in a crafting area and you'll get back all 9 gems. They are also used for making tools, and will have a use later in the future."
item.Emerald.*.1,Emerald,"As straight forward as creating the storage block is retrieving the gems back. Put the block in a crafting area and you'll get back all 9 gems. They are also used for making tools, and will have a use later in the future."
item.Red Alloy Ingot.*.1,Red Alloy Ingot,"Red Alloy is a soft, ductile, highly conductive metal. How conductive? 16 times the conductivity of regular redstone! While it's much too soft to make tools out of, it's easily made into all kinds of wire."
item.Blue Alloy Ingot.*.1,Blue Alloy Ingot,Blue alloy is one of the most basic building blocks of the Blutricity which empowers most Tier 2 Technology in RedPower2. It is used for most advanced machine blocks and creating Bluetricity Wires.
item.Brass Ingot.*.1,Brass Ingot,"In RedPower, Brass is an alloy of copper and tin. It is used for applications where low friction is required such as tube plumbing and electrical applications."
item.Silicon Boule.*.1,Silicon Boule,A boule is a single-crystal ingot produced from coal and sand in an alloy furnace. A boule of silicon is the starting material for most of the integrated circuits. A semiconductor crystal boule is normally cut with a diamond saw into circular wafers.
item.Red-Doped Wafer.*.1,Red-Doped Wafer,Red-Doped Wafers are used in devices for signal transmission purposes. They allow higher density integrated circuits to be fabricated.
item.Blue-Doped  Wafer.*.1,Blue-Doped Wafer,"Blue doping makes the silicon photosensitive, so Blue-Doped Wafers are used in light responding devices like the solar panel."
item.Tinplate.*.1,Tinplate,"An alloy of iron and tin, those plates are used to craft Paint Cans."
tile.rpstone.1.1,Basalt,"This block is introduced in RedPower World and makes up volcanos. Harvesting this will give you Basalt Cobblestone, which can be smelted into smooth Basalt."
tile.rpstone.0.1,Marble,Only for decoration.
item.Tin Ingot.*.1,Tin Ingot,"Like most ores, Tin Ore can simply be smelted into an ingot in any furnace."
item.Silver Ingot.*.1,Silver Ingot,"Like most ores, Silver Ore can simply be smelted into an ingot in any furnace."
item.Copper Ingot.*.1,Copper Ingot,"Like most ores, Copper Ore can simply be smelted into an ingot in any furnace."

,,Subblocks:
,Slab,"You can cut almost any solid block. First, cut a block vertically by putting the saw above. Whis will saw it in half, producing two thinner pieces. Full blocks can be cut in half into slabs (1/2 block thickness, slabs can be cut into panels (1/4 block thickness and finally panels can be sliced to covers (1/8 block thickness.
"
,Panel,"You can cut almost any solid block. First, cut a block vertically by putting the saw above. Whis will saw it in half, producing two thinner pieces. Full blocks can be cut in half into slabs (1/2 block thickness, slabs can be cut into panels (1/4 block thickness and finally panels can be sliced to covers (1/8 block thickness."
,Cover,"You can cut almost any solid block. First, cut a block vertically by putting the saw above. Whis will saw it in half, producing two thinner pieces. Full blocks can be cut in half into slabs (1/2 block thickness, slabs can be cut into panels (1/4 block thickness and finally panels can be sliced to covers (1/8 block thickness."
, Slab Strip,"When your block has the desired thickness, you can optionally cut it horizontally into strips by placing your saw on the side. While much less effective at protecting wires than covers or panels, strips can prevent unwanted wire connections while maintaining a much lower profile than full-sized covers. They are also useful for decoration, for making stairs, and many other things!"
,Panel Strip,"When your block has the desired thickness, you can optionally cut it horizontally into strips by placing your saw on the side. While much less effective at protecting wires than covers or panels, strips can prevent unwanted wire connections while maintaining a much lower profile than full-sized covers. They are also useful for decoration, for making stairs, and many other things!"
,Cover Strip,"When your block has the desired thickness, you can optionally cut it horizontally into strips by placing your saw on the side. While much less effective at protecting wires than covers or panels, strips can prevent unwanted wire connections while maintaining a much lower profile than full-sized covers. They are also useful for decoration, for making stairs, and many other things!"
,Slab Corner,"If Strips are still too large, you can cut them down again by placing your saw on the side again. You will receive the apropriate kind of corners."
,Panel Corner,"If Strips are still too large, you can cut them down again by placing your saw on the side again. You will receive the apropriate kind of corners."
,Cover Corner,"If Strips are still too large, you can cut them down again by placing your saw on the side again. You will receive the apropriate kind of corners."
,Anticover,"Anticovers are as thick as a block minus a cover (7/8th block a and made from a slab, panel and cover."
,Triple Panel,Triple Panels are three times as thick as a panel (6/8th block and made from three panels as the name suggests.
,Cover Slab,Coverslabs add the thickness of a slab and a panel (5/8th block crafted from a cover and a slab.
,Triplecover,The Triple Cover has thrice as thick as a cover (3/8th block and therefore made of three such covers.
,Anticover Strip,"Like the power of two small blocks, the new sizes can also be cut into strips.
These strips cannot, however, be glued back together, so beware."
,Triple Panel Strip,"Like the power of two small blocks, the new sizes can also be cut into strips.
These strips cannot, however, be glued back together, so beware."
,Cover Slab Strip,"Like the power of two small blocks, the new sizes can also be cut into strips.
These strips cannot, however, be glued back together, so beware."
,Triple Cover Strip,"Like the power of two small blocks, the new sizes can also be cut into strips.
These strips cannot, however, be glued back together, so beware."
,Anticover Corner,"Like the power of two small blocks, the new sizes: slabs can also be cut into corners.
Like their strips, these corners can not be glued back together, so beware."
,Triple Panel Corner,"Like the power of two small blocks, the new sizes: slabs can also be cut into corners.
Like their strips, these corners can not be glued back together, so beware."
,Cover Slab Corner,"Like the power of two small blocks, the new sizes: slabs can also be cut into corners.
Like their strips, these corners can not be glued back together, so beware."
,Triple Cover Corner,"Like the power of two small blocks, the new sizes: slabs can also be cut into corners.
Like their strips, these corners can not be glued back together, so beware."
, Column,"Unlike the other small blocks you can craft, Columns, Pillars and Posts will be placed in the middle of a surface. Other small blocks can only be placed on sides or corners. Craft them from Strips of Triple Panels, Slabs or Panels simply by placing them into the crafting area. You can just as easily revert them to strips."
,Pillar,"Unlike the other small blocks you can craft, Columns, Pillars and Posts will be placed in the middle of a surface. Other small blocks can only be placed on sides or corners. Craft them from Strips of Triple Panels, Slabs or Panels simply by placing them into the crafting area. You can just as easily revert them to strips."
,Post,"Unlike the other small blocks you can craft, Columns, Pillars and Posts will be placed in the middle of a surface. Other small blocks can only be placed on sides or corners. Craft them from Strips of Triple Panels, Slabs or Panels simply by placing them into the crafting area. You can just as easily revert them to strips."
,Panel Strip,"Unlike the other small blocks you can craft, Columns, Pillars and Posts will be placed in the middle of a surface. Other small blocks can only be placed on sides or corners. Craft them from Strips of Triple Panels, Slabs or Panels simply by placing them into the crafting area. You can just as easily revert them to strips."
,Slab Strip,"Unlike the other small blocks you can craft, Columns, Pillars and Posts will be placed in the middle of a surface. Other small blocks can only be placed on sides or corners. Craft them from Strips of Triple Panels, Slabs or Panels simply by placing them into the crafting area. You can just as easily revert them to strips."
,Triple Panel Strip,"Unlike the other small blocks you can craft, Columns, Pillars and Posts will be placed in the middle of a surface. Other small blocks can only be placed on sides or corners. Craft them from Strips of Triple Panels, Slabs or Panels simply by placing them into the crafting area. You can just as easily revert them to strips."
,Hollow Block Anticover,Arranging 8 vertically sliced blockpieces in this pattern will give you 8 hollow pieces of the same thickness. Those are used if you want tubes or a jacketed wire to go through a wall without leaving a big gap.
,Hollow Block Triple Panel,Arranging 8 vertically sliced blockpieces in this pattern will give you 8 hollow pieces of the same thickness. Those are used if you want tubes or a jacketed wire to go through a wall without leaving a big gap.
,Hollow Block Cover Slab,Arranging 8 vertically sliced blockpieces in this pattern will give you 8 hollow pieces of the same thickness. Those are used if you want tubes or a jacketed wire to go through a wall without leaving a big gap.
,Hollow Block Slab,Arranging 8 vertically sliced blockpieces in this pattern will give you 8 hollow pieces of the same thickness. Those are used if you want tubes or a jacketed wire to go through a wall without leaving a big gap.
,Hollow Block Triple Cover,Arranging 8 vertically sliced blockpieces in this pattern will give you 8 hollow pieces of the same thickness. Those are used if you want tubes or a jacketed wire to go through a wall without leaving a big gap.
,Hollow Block Panel,Arranging 8 vertically sliced blockpieces in this pattern will give you 8 hollow pieces of the same thickness. Those are used if you want tubes or a jacketed wire to go through a wall without leaving a big gap.
,Hollow Block Cover,Arranging 8 vertically sliced blockpieces in this pattern will give you 8 hollow pieces of the same thickness. Those are used if you want tubes or a jacketed wire to go through a wall without leaving a big gap.

,Credits:,"Nazhul, Blueblade11 (Editing), mrkingster (typing all the description), TheEnlightened (typing titles)"